{
    "mean": [
        5520.594838407407,
        5022.715131703704,
        3806.0167076296293,
        2030.3241829999997,
        1488.3551697037037,
        976.1626005086418,
        494.05848916172835
    ],
    "scale": [
        1681.843250544764,
        1470.2478293833115,
        1091.4494261576972,
        580.5434071985507,
        425.2524995250793,
        276.80760589084707,
        117.40142926798333
    ],
    "var": [
        2828596.7194029777,
        2161628.6798063386,
        1191261.8498599664,
        337030.64764170215,
        180839.6883523276,
        76622.45067902253,
        13783.095594165292
    ],
    "n_features": 7
}