{"min_": [-3.6045217461861936e-08], "scale_": [1.3586587810728208e-05], "data_min_": [0.002653], "data_max_": [73602.0]}