{"min_": [1.666638889351844e-05, 0.0, 0.0, -0.1, -0.2], "scale_": [0.0416659722337961, 0.16666666666666666, 6.027727546714889, 0.05, 0.08], "data_min_": [-0.0004, 0.0, 0.0, 2.0, 2.5], "data_max_": [24.0, 6.0, 0.1659, 22.0, 15.0]}